Testify,BYD,12,0
Designant,BYD,11.9,0
Tempestissimo,BYD,11.7,0
Arcana Eden,BYD,11.6,0
Aether Crest Astral,ETR,11.5,0
Pentiment,BYD,11.5,0
Lament Rain,BYD,11.4,0
Abstruse Dilemma,FTR,11.3,0
ALTER EGO,ETR,11.3,0
Arghena,FTR,11.3,0
Extradimensional Cosmic Phenomenon,ETR,11.3,0
Aegleseeker,FTR,11.2,0
PRAGMATISM -RESURRECTION-,BYD,11.2,0
Vicious [ANTi] Heroism,BYD,11.2,0
#1f1e33,FTR,11.1,0
Fracture Ray,FTR,11.1,0
Grievous Lady,FTR,11.1,0
World Ender,BYD,11.1,0
LAMIA,FTR,11,0
SAIKYO STRONGER,FTR,11,0
Undying Macula,ETR,11,0
And Revive The Melody,FTR,10.9,0
Breach of Faith,BYD,10.9,0
CHAOS,FTR,10.9,0
Code Oblivion,ETR,10.9,0
DAAT -The First Seeker of Souls-,FTR,10.9,0
Designant,FTR,10.9,0
Einherjar Joker,BYD,10.9,0
Infinite Strife,BYD,10.9,0
MEGALOVANIA (Camellia Remix),ETR,10.9,0
Misdeed -la bonte de Dieu et lorigine du mal-,FTR,10.9,0
Nhelv,BYD,10.9,0
TEmPTaTiON,FTR,10.9,0
Testify,FTR,10.9,0
ViRTUS,ETR,10.9,0
Vulcanus,FTR,10.9,0
Were All Gonna Die,ETR,10.9,0
Welcome Queen of Fiction,ETR,10.9,0
ANDORXOR,ETR,10.8,0
Black MInD,FTR,10.8,0
BUCHiGiRE Berserker,FTR,10.8,0
Dantalion,FTR,10.8,0
Desive,ETR,10.8,0
Distorted Fate,ETR,10.8,0
Divine Light of Myriad,FTR,10.8,0
GENOCIDER,FTR,10.8,0
Heavensdoor,BYD,10.8,0
Ii,FTR,10.8,0
Lilly,ETR,10.8,0
MARENYX,ETR,10.8,0
Meta-Mysteria,FTR,10.8,0
Nightmare,ETR,10.8,0
PRIMITIVE LIGHTS,FTR,10.8,0
Ringed Genesis,FTR,10.8,0
Spiders Thread,FTR,10.8,0
Stasis,FTR,10.8,0
TeraVolt,FTR,10.8,0
w4,FTR,10.8,0
AlterGate,FTR,10.7,0
AMAZING MIGHTYYYY!!!!,FTR,10.7,0
Cyaegha,FTR,10.7,0
Dont Fight The Music,ETR,10.7,0
Inverted World,ETR,10.7,0
KYOREN ROMANCE,FTR,10.7,0
NULL APOPHENIA,FTR,10.7,0
ouroboros -twin stroke of the end-,FTR,10.7,0
REKKA RESONANCE,FTR,10.7,0
Signal,ETR,10.7,0
Tempestissimo,FTR,10.7,0
World Vanquisher,FTR,10.7,0
Xterfusion,ETR,10.7,0
[X],FTR,10.6,0
Aether Crest Astral,FTR,10.6,0
Astral Quantization,FTR,10.6,0
AttraqtiA,FTR,10.6,0
Axium Crisis,FTR,10.6,0
Back to Basics,FTR,10.6,0
corps-sans-organes,FTR,10.6,0
Crimson Throne,FTR,10.6,0
cyanine,FTR,10.6,0
Dies irae,ETR,10.6,0
Extradimensional Cosmic Phenomenon,FTR,10.6,0
Good bye Merry-Go-Round,FTR,10.6,0
Lament Rain,FTR,10.6,0
Live Fast Die Young,FTR,10.6,0
Manic Jeer,FTR,10.6,0
MVURBD,FTR,10.6,0
Overwhelm,FTR,10.6,0
Purple Verse,BYD,10.6,0
Seclusion,FTR,10.6,0
Subsphere in Eclosion,ETR,10.6,0
trappola bewitching,BYD,10.6,0
UNKNOWN LEVELS,FTR,10.6,0
10pt8ion,ETR,10.5,0
Aleph 0,FTR,10.5,0
ALTER EGO,FTR,10.5,0
Arcana Eden,FTR,10.5,0
Aurgelmir,FTR,10.5,0
BlythE,ETR,10.5,0
CHAOSBLAST,ETR,10.5,0
Chronicle,FTR,10.5,0
Dull Blade,FTR,10.5,0
eden,FTR,10.5,0
Ego Eimi,FTR,10.5,0
GIMME DA BLOOD,FTR,10.5,0
GLORY ROAD,FTR,10.5,0
Halcyon,FTR,10.5,0
Judgement,FTR,10.5,0
Libertas,BYD,10.5,0
Lightning Screw,FTR,10.5,0
Lucid Traveler,FTR,10.5,0
MEGALOVANIA,ETR,10.5,0
overdead,BYD,10.5,0
Paranoid Arc,ETR,10.5,0
Rain of Conflict in a Radiant Abyss,ETR,10.5,0
Rise of the World,FTR,10.5,0
Sheriruth (Laur Remix),FTR,10.5,0
Singularity,FTR,10.5,0
Spirit of the Dauntless,FTR,10.5,0
Straight into the lights,ETR,10.5,0
Twilight Concerto,ETR,10.5,0
Wish Upon a Snow,FTR,10.5,0
XTREME,FTR,10.5,0
Xxium and Purple haze,ETR,10.5,0
Climax,FTR,10.4,0
Dual Dependency,ETR,10.4,0
Eternity Break,ETR,10.4,0
Felis,FTR,10.4,0
Garakuta Doll Play,FTR,10.4,0
IMPACT,BYD,10.4,0
INCARNATOR 00,ETR,10.4,0
Kissing Lucifer,FTR,10.4,0
Last Celebration,FTR,10.4,0
Lethal Voltage,FTR,10.4,0
Lethal Voltage,FTR,10.4,0
MIRINAE,FTR,10.4,0
No Way Back,ETR,10.4,0
Pentiment,FTR,10.4,0
Placebo Battler,FTR,10.4,0
PUPA,FTR,10.4,0
Qovat,FTR,10.4,0
Rays of Remnant,BYD,10.4,0
Singularity VVVIP,BYD,10.4,0
The Raft taught me your heart will always find a way,ETR,10.4,0
To the Milky Way,FTR,10.4,0
yuardina,FTR,10.4,0
8-EM,ETR,10.3,0
99 Glooms,FTR,10.3,0
Breach of Faith,FTR,10.3,0
BREaK! BREaK! BREaK!,ETR,10.3,0
Dual Doom Deathmatch,ETR,10.3,0
ENERGY SYNERGY MATRIX,BYD,10.3,0
Ether Strike,FTR,10.3,0
Hiiro Gekka Kyoushou no Zetsu (nayuta 2017 ver),FTR,10.3,0
Ikazuchi,FTR,10.3,0
IZANA,FTR,10.3,0
Metallic Punisher,FTR,10.3,0
OMAKENO Stroke,BYD,10.3,0
Party Vinyl,BYD,10.3,0
ROST PAGE GENE,FTR,10.3,0
SUPER AMBULANCE,FTR,10.3,0
Tiferet,FTR,10.3,0
To Alice Liddell,FTR,10.3,0
ultradiaxon-N3,FTR,10.3,0
Viyellas Tears,FTR,10.3,0
zephyrlasting,ETR,10.3,0
Angels Boundary,FTR,10.2,0
aterlbus,FTR,10.2,0
Capella,FTR,10.2,0
conflict,FTR,10.2,0
GOODRAGE,ETR,10.2,0
Grandspell,FTR,10.2,0
lastendconductor,BYD,10.2,0
Logos,FTR,10.2,0
Loschen,FTR,10.2,0
Magnolia,FTR,10.2,0
Malicious Mischance,FTR,10.2,0
NEO WINGS,FTR,10.2,0
Nirv lucE,FTR,10.2,0
Quon (DJ Noriken),BYD,10.2,0
Red and Blue and Green,BYD,10.2,0
Redolent Shape,FTR,10.2,0
Renegade,BYD,10.2,0
Valhalla0,FTR,10.2,0
Your Best Nightmare,BYD,10.2,0
BlazinG AIR,ETR,10.1,0
Cryogenic,ETR,10.1,0
Dont Die,ETR,10.1,0
G e n g a o z o,FTR,10.1,0
Gensou no Satellite,ETR,10.1,0
INFINITE DIMENSION,ETR,10.1,0
Kanbu de Tomatte Sugu Tokeru,FTR,10.1,0
Medusa,FTR,10.1,0
My life is mine alone!,ETR,10.1,0
OBLIVION,ETR,10.1,0
PRAGMATISM,FTR,10.1,0
Trrricksters!!,FTR,10.1,0
Undying Macula,FTR,10.1,0
Were All Gonna Die,FTR,10.1,0
Welcome Queen of Fiction,FTR,10.1,0
Alexandrite,FTR,10,0
Altale,BYD,10,0
AZALEA,ETR,10,0
Bamboo,FTR,10,0
Bookmaker (2D Version),BYD,10,0
Chromafill,FTR,10,0
Free Myself,FTR,10,0
HIVEMIND,FTR,10,0
Laqryma of the Wasteland,BYD,10,0
Liar,FTR,10,0
Masquerade Legion,FTR,10,0
Oshama Scramble!,FTR,10,0
Scarlet Lance,FTR,10,0
Sheriruth,FTR,10,0
Third Sun,ETR,10,0
TRPNO,FTR,10,0
Vicious Heroism,FTR,10,0
World Ender,FTR,10,0
Xanatos,FTR,10,0
~_+,FTR,9.9,0
7thSense,FTR,9.9,0
Amekagura,FTR,9.9,0
ANDORXOR,FTR,9.9,0
Anokumene,BYD,9.9,0
Antagonism,FTR,9.9,0
Arcahv,FTR,9.9,0
Ashen 6oundary,FTR,9.9,0
Astra walkthrough,FTR,9.9,0
Beautiful Dreamer,FTR,9.9,0
CHAIN2NITE,ETR,9.9,0
Code Oblivion,FTR,9.9,0
Dement ~after legend~,BYD,9.9,0
Desive,FTR,9.9,0
Devillic Sphere,FTR,9.9,0
Distortion Human,FTR,9.9,0
Galaxy Friends,FTR,9.9,0
Heavensdoor,FTR,9.9,0
Hypnotize,ETR,9.9,0
Ignotus Afterburn,BYD,9.9,0
incomplete the one,ETR,9.9,0
Infinite Strife,FTR,9.9,0
INTERNET YAMERO,FTR,9.9,0
Lilly,FTR,9.9,0
MAXRAGE,FTR,9.9,0
Mirzam,FTR,9.9,0
Modelista,FTR,9.9,0
New York Back Raise,FTR,9.9,0
Nhelv,FTR,9.9,0
Paradox Palette,ETR,9.9,0
Shinchoku Doudesuka,ETR,9.9,0
STARGATE EXTREME,ETR,9.9,0
Summer Fireworks of Love,FTR,9.9,0
Swan Song,FTR,9.9,0
Syriana,FTR,9.9,0
The Survivor (Game Edit),FTR,9.9,0
Tic! Tac! Toe!,ETR,9.9,0
Trap Crow,FTR,9.9,0
trappola bewitching,FTR,9.9,0
Ultimate taste,FTR,9.9,0
Vainspire,ETR,9.9,0
ViRTUS,FTR,9.9,0
Xxium and Purple haze,FTR,9.9,0
10pt8ion,FTR,9.8,0
Ai Drew,FTR,9.8,0
Altale,FTR,9.8,0
Ascent,FTR,9.8,0
Black Territory,FTR,9.8,0
Callima Karma,FTR,9.8,0
Corruption,FTR,9.8,0
Crimson Quartz,ETR,9.8,0
Cybernecia Catharsis,BYD,9.8,0
Defection,FTR,9.8,0
disintegration,ETR,9.8,0
Einherjar Joker,FTR,9.8,0
Far Away Light,FTR,9.8,0
FLUFFY FLASH,FTR,9.8,0
FREEF4LL,BYD,9.8,0
Genesis (Morrigan feat. Lily),FTR,9.8,0
GOODTEK (Arcaea Edit),BYD,9.8,0
Got hive of Ra,FTR,9.8,0
Haze of Autumn,FTR,9.8,0
Heavenly caress,FTR,9.8,0
Hybris (The one who shattered),FTR,9.8,0
HYPER VISION,FTR,9.8,0
Ignition,FTR,9.8,0
init(),FTR,9.8,0
Kanagawa Cyber Culvert,BYD,9.8,0
Kanjou no Matenrou,FTR,9.8,0
LiftOff,ETR,9.8,0
LIGHT MY WAY,FTR,9.8,0
Linear Accelerator,FTR,9.8,0
Lost Civilization,BYD,9.8,0
Lost Desire,FTR,9.8,0
Macrocosmic Modulation,FTR,9.8,0
Mazy Metroplex,FTR,9.8,0
MEGALOVANIA (Camellia Remix),FTR,9.8,0
Memory Forest,FTR,9.8,0
Miles,ETR,9.8,0
MORNINGLOOM,ETR,9.8,0
Nameless Passion,FTR,9.8,0
Nightmare,FTR,9.8,0
Old School Salvage,FTR,9.8,0
Ouverture,FTR,9.8,0
Protoflicker,FTR,9.8,0
qualia -ideaesthesia-,BYD,9.8,0
RGB,FTR,9.8,0
Scarlet Cage,FTR,9.8,0
Scarlet Lunar Empress,FTR,9.8,0
shrink,FTR,9.8,0
Signal,FTR,9.8,0
SOUNDWiTCH,FTR,9.8,0
taboo tears you up 2017,ETR,9.8,0
Technicolour,FTR,9.8,0
THE ULTIMACY,FTR,9.8,0
To the Furthest Dream,FTR,9.8,0
U.A.D,ETR,9.8,0
Waltz for Lorelei,ETR,9.8,0
Wont Back Down,FTR,9.8,0
World Fragments III (radio edit),FTR,9.8,0
Xeraphinite,FTR,9.8,0
Xterfusion,FTR,9.8,0
yomibito_shirazu,FTR,9.8,0
+1(UNKNOWN)-NUMBER,FTR,9.7,0
Acheron,FTR,9.7,0
AlterAle,FTR,9.7,0
amygdata,FTR,9.7,0
Awaken In Ruins,FTR,9.7,0
B.B.K.K.B.K.K.,FTR,9.7,0
BADTEK,FTR,9.7,0
BATTLE NO.1,FTR,9.7,0
Black Lotus,FTR,9.7,0
Black Mirror on the Wall,ETR,9.7,0
BLRINK,FTR,9.7,0
Dazzle hop,FTR,9.7,0
Dreadnought,FTR,9.7,0
DX Choseinou Full Metal Shojo,FTR,9.7,0
Fallensquare,FTR,9.7,0
Filament,FTR,9.7,0
goldenslaughterer,FTR,9.7,0
Hailstone,FTR,9.7,0
Heart Jackin,FTR,9.7,0
Hotarubi no Yuki,FTR,9.7,0
Innocence,ETR,9.7,0
IONOSTREAM,ETR,9.7,0
Last Eternity,BYD,9.7,0
Last Goodbye,ETR,9.7,0
Lets Rock (Arcaea mix),FTR,9.7,0
Lethaeus,FTR,9.7,0
Lost in the Abyss,FTR,9.7,0
Loveless Dress,FTR,9.7,0
Luna Rossa,FTR,9.7,0
Monochrome Princess,FTR,9.7,0
Moonheart,BYD,9.7,0
neo kosmo,FTR,9.7,0
Oblivia,BYD,9.7,0
Particle,ETR,9.7,0
Rays of Remnant,FTR,9.7,0
SACRIFICE feat. ayame,FTR,9.7,0
Snow White,BYD,9.7,0
Sulfur,FTR,9.7,0
SUPERNOVA,FTR,9.7,0
Tau,FTR,9.7,0
Teriqma,BYD,9.7,0
Teriqma,BYD,9.7,0
The Forgotten Forest Haven,FTR,9.7,0
The Message,FTR,9.7,0
u,FTR,9.7,0
Vallista,FTR,9.7,0
Vandalism,FTR,9.7,0
A Wandering Melody of Love,FTR,9.6,0
Alone & Lorn,FTR,9.6,0
Antithese,BYD,9.6,0
Arghena,PRS,9.6,0
Astral tale,FTR,9.6,0
Avant Raze,FTR,9.6,0
carmine scythe,FTR,9.6,0
CHAOSBLAST,FTR,9.6,0
Designant,PRS,9.6,0
Distorted Fate,FTR,9.6,0
ENERGY SYNERGY MATRIX,FTR,9.6,0
epitaxy,ETR,9.6,0
Eternity Break,FTR,9.6,0
Factorder,ETR,9.6,0
Heart,FTR,9.6,0
IMPACT,FTR,9.6,0
Infinity Heaven,BYD,9.6,0
Last Moment,BYD,9.6,0
Lazy Addiction,FTR,9.6,0
LunarOrbit -believe in the Espebranch road-,FTR,9.6,0
Melty Rhapsody,FTR,9.6,0
next to you,BYD,9.6,0
Paranoid Arc,FTR,9.6,0
Purgatorium,BYD,9.6,0
Purple Verse,FTR,9.6,0
Quon (Feryquitous),FTR,9.6,0
Remind the Souls (short version),FTR,9.6,0
Renegade,FTR,9.6,0
See the Lights!,ETR,9.6,0
Stratoliner,FTR,9.6,0
Subsphere in Eclosion,FTR,9.6,0
Vindication,FTR,9.6,0
8-EM,FTR,9.5,0
astral.exe,FTR,9.5,0
Cybernecia Catharsis,FTR,9.5,0
DataErr0r,FTR,9.5,0
Dies irae,FTR,9.5,0
dropdead,PRS,9.5,0
Dual Dependency,FTR,9.5,0
Dynitikos,FTR,9.5,0
End of The Moonlight,FTR,9.5,0
Evening in Scarlet,FTR,9.5,0
Fairytale,BYD,9.5,0
felys final remix,FTR,9.5,0
Fracture Ray,PRS,9.5,0
GIMMICK,FTR,9.5,0
Illegal Paradise,FTR,9.5,0
In Vain,FTR,9.5,0
Inverted World,FTR,9.5,0
Jingle,ETR,9.5,0
Lumia,BYD,9.5,0
MAHOROBA,FTR,9.5,0
MARENYX,FTR,9.5,0
MEGALOVANIA,FTR,9.5,0
NULCTRL,FTR,9.5,0
O,FTR,9.5,0
OBLIVION,FTR,9.5,0
ODYSSEIA,FTR,9.5,0
OMAKENO Stroke,FTR,9.5,0
On And On!! feat. Jenga,FTR,9.5,0
One Step Closer,FTR,9.5,0
Particle,FTR,9.5,0
Rain of Conflict in a Radiant Abyss,FTR,9.5,0
SATISFACTION,ETR,9.5,0
Someday,FTR,9.5,0
STAGER (ALL STAGE CLEAR),FTR,9.5,0
Straight into the lights,FTR,9.5,0
Tempestissimo,PRS,9.5,0
The Raft taught me your heart will always find a way,FTR,9.5,0
Transient Space,FTR,9.5,0
Twilight Concerto,FTR,9.5,0
Viola Illyria,FTR,9.5,0
zephyrlasting,FTR,9.5,0
AI[UE]OON,FTR,9.4,0
AZALEA,FTR,9.4,0
Be There,FTR,9.4,0
BlythE,FTR,9.4,0
CROSS+OVER,FTR,9.4,0
CROSS+SOUL,FTR,9.4,0
Crystal Gravity,FTR,9.4,0
Death By Glamour,ETR,9.4,0
Dont Die,FTR,9.4,0
Dreamin Attraction!!,FTR,9.4,0
DRG,FTR,9.4,0
Equilibrium,FTR,9.4,0
FANTA5Y,FTR,9.4,0
Final Step!,FTR,9.4,0
FURETE-MITAI,ETR,9.4,0
Head BONK ache,FTR,9.4,0
I want You,ETR,9.4,0
Impure Bird,FTR,9.4,0
inkar usi,BYD,9.4,0
Lapis,FTR,9.4,0
lastendconductor,FTR,9.4,0
Let you DIVE! (nitro rmx),FTR,9.4,0
MANTIS (Arcaea Ultra-Bloodrush VIP),FTR,9.4,0
MERLIN,BYD,9.4,0
mod,FTR,9.4,0
OMAJINAI,FTR,9.4,0
Party Vinyl,FTR,9.4,0
PICO-Pico-Translation!,FTR,9.4,0
Ravens Pride,FTR,9.4,0
Red and Blue,FTR,9.4,0
Redraw the Colorless World,FTR,9.4,0
SAIKYO STRONGER,PRS,9.4,0
Sakura Fubuki,FTR,9.4,0
Specta,FTR,9.4,0
Teriqma,FTR,9.4,0
Testify,PRS,9.4,0
Third Sun,FTR,9.4,0
undefined,FTR,9.4,0
VECTOR,FTR,9.4,0
with U,FTR,9.4,0
Yosakura Fubuki,FTR,9.4,0
Your voice so... feat. Such,FTR,9.4,0
Auxesia,FTR,9.3,0
Blaster,FTR,9.3,0
Blocked Library,FTR,9.3,0
Can I Friend You on Bassbook lol,FTR,9.3,0
Dont Fight The Music,FTR,9.3,0
False Embellishment,FTR,9.3,0
Feels So Right feat. Renko,FTR,9.3,0
Floating World,FTR,9.3,0
Glow,FTR,9.3,0
GOODRAGE,FTR,9.3,0
GOODTEK (Arcaea Edit),FTR,9.3,0
Grievous Lady,PRS,9.3,0
HELLOHELL,ETR,9.3,0
Ignotus,FTR,9.3,0
Lost Emotion feat. nomico,FTR,9.3,0
Oracle,FTR,9.3,0
Small Cloud Sugar Candy,FTR,9.3,0
STARGATE EXTREME,FTR,9.3,0
Syro,FTR,9.3,0
The Formula,FTR,9.3,0
#1f1e33,PRS,9.2,0
3rd Avenue,FTR,9.2,0
Alice a la mode,FTR,9.2,0
ALTER EGO,PRS,9.2,0
Anokumene,FTR,9.2,0
cocoro cosmetic,FTR,9.2,0
Cryogenic,FTR,9.2,0
Dancin on a Cats Paw,FTR,9.2,0
Ladymade Star,ETR,9.2,0
Leave All Behind,FTR,9.2,0
Libertas,FTR,9.2,0
Lost Civilization,FTR,9.2,0
Phantasia,FTR,9.2,0
Rugie,FTR,9.2,0
Sign of 10.5km,FTR,9.2,0
Strongholds,FTR,9.2,0
Used to be,FTR,9.2,0
Aegleseeker,PRS,9.1,0
Alices Suitcase,FTR,9.1,0
Blue Rose,FTR,9.1,0
Coastal Highway,FTR,9.1,0
dropdead,FTR,9.1,0
Empire of Winter,FTR,9.1,0
Essence of Twilight,FTR,9.1,0
Faint Light (Arcaea Edit),FTR,9.1,0
Gimme Caramel Popcorn!,ETR,9.1,0
Iconoclast,FTR,9.1,0
Journey,FTR,9.1,0
Laqryma of the Wasteland,FTR,9.1,0
Life is PIANO,FTR,9.1,0
Prayer,ETR,9.1,0
qualia -ideaesthesia-,FTR,9.1,0
ReviXy,FTR,9.1,0
Shades of Light in a Transcendent Realm,BYD,9.1,0
Flyburg and Endroll,FTR,9,0
Galactic Love,FTR,9,0
Jump,FTR,9,0
Kanagawa Cyber Culvert,FTR,9,0
Last,FTR,9,0
Lawless Point,FTR,9,0
Primeval Texture,FTR,9,0
Turbocharger,FTR,9,0
Vexaria,BYD,9,0
Abstruse Dilemma,PRS,8.9,0
Aether Crest Astral,PRS,8.9,0
BlazinG AIR,FTR,8.9,0
Chelsea,FTR,8.9,0
Chronicle,PRS,8.9,0
Chronostasis,FTR,8.9,0
Dual Doom Deathmatch,FTR,8.9,0
Evoltex (poppin mix),FTR,8.9,0
Flashback,FTR,8.9,0
GENOCIDER,PRS,8.9,0
Give Me a Nightmare,FTR,8.9,0
Hypnotize,FTR,8.9,0
Ii,PRS,8.9,0
INCARNATOR 00,FTR,8.9,0
Lights of Muse,FTR,8.9,0
Lucid Traveler,PRS,8.9,0
Maze No.9,FTR,8.9,0
memoryfactory.lzh,FTR,8.9,0
MERLIN,FTR,8.9,0
No Way Back,FTR,8.9,0
REKKA RESONANCE,PRS,8.9,0
Suomi,ETR,8.9,0
TeraVolt,PRS,8.9,0
To the Milky Way,PRS,8.9,0
Your Best Nightmare,FTR,8.9,0
Aleph 0,PRS,8.8,0
Antithese,FTR,8.8,0
BREaK! BREaK! BREaK!,FTR,8.8,0
Clotho and the stargazer,ETR,8.8,0
Cosmica,FTR,8.8,0
Cosmo Pop Funclub,FTR,8.8,0
Crimson Quartz,FTR,8.8,0
CYCLES,FTR,8.8,0
Dialnote,FTR,8.8,0
Extradimensional Cosmic Phenomenon,PRS,8.8,0
Hidden Rainbows of Epicurus,ETR,8.8,0
incomplete the one,FTR,8.8,0
Lament Rain,PRS,8.8,0
MORNINGLOOM,FTR,8.8,0
My life is mine alone!,FTR,8.8,0
next to you,FTR,8.8,0
NULL APOPHENIA,PRS,8.8,0
Paradox Palette,FTR,8.8,0
Particle Arts,FTR,8.8,0
PRIMITIVE LIGHTS,PRS,8.8,0
Saint or Sinner,FTR,8.8,0
Shinchoku Doudesuka,FTR,8.8,0
Solitary Dream,FTR,8.8,0
Surrender,FTR,8.8,0
Tic! Tac! Toe!,FTR,8.8,0
Vivid Theory,FTR,8.8,0
Waltz for Lorelei,FTR,8.8,0
AlterGate,PRS,8.7,0
Arcana Eden,PRS,8.7,0
Back to Basics,PRS,8.7,0
Beside You,FTR,8.7,0
Call My Name feat. Yukacco,FTR,8.7,0
cry of viyella,FTR,8.7,0
Gensou no Satellite,FTR,8.7,0
Grimheart,FTR,8.7,0
Heartache,ETR,8.7,0
IONOSTREAM,FTR,8.7,0
Paper Witch,FTR,8.7,0
Pentiment,PRS,8.7,0
Quon (DJ Noriken),FTR,8.7,0
Senkyou,FTR,8.7,0
Tsuki ni Murakumo Hana ni Kaze,FTR,8.7,0
U.A.D,FTR,8.7,0
Undying Macula,PRS,8.7,0
WAIT FOR DAWN,FTR,8.7,0
Wake in Hour,ETR,8.7,0
April showers,FTR,8.6,0
Black Mirror on the Wall,FTR,8.6,0
BUCHiGiRE Berserker,PRS,8.6,0
CHAIN2NITE,FTR,8.6,0
Ego Eimi,PRS,8.6,0
enchanted love,FTR,8.6,0
epitaxy,FTR,8.6,0
Factorder,FTR,8.6,0
FREEF4LL,FTR,8.6,0
Gekka (short version),FTR,8.6,0
HIVEMIND,PRS,8.6,0
INFINITE DIMENSION,FTR,8.6,0
Judgement,PRS,8.6,0
PRAGMATISM,PRS,8.6,0
See the Lights!,FTR,8.6,0
Silent Rush,FTR,8.6,0
ViRTUS,PRS,8.6,0
Altair (feat. spiLa),FTR,8.5,0
And Revive The Melody,PRS,8.5,0
Angels Boundary,PRS,8.5,0
Aurgelmir,PRS,8.5,0
Axium Crisis,PRS,8.5,0
Babaroque,FTR,8.5,0
Dandelion,FTR,8.5,0
DDD,FTR,8.5,0
Desertrealm,PRS,8.5,0
Harutopia ~Utopia of Spring~,FTR,8.5,0
Innocence,FTR,8.5,0
LAMIA,PRS,8.5,0
Live Fast Die Young,PRS,8.5,0
Misdeed -la bonte de Dieu et lorigine du mal-,PRS,8.5,0
Overwhelm,PRS,8.5,0
Reinvent,FTR,8.5,0
SATISFACTION,FTR,8.5,0
Sayonara Hatsukoi,ETR,8.5,0
syuten,FTR,8.5,0
To the Furthest Dream,PRS,8.5,0
ultradiaxon-N3,PRS,8.5,0
Vulcanus,PRS,8.5,0
Welcome Queen of Fiction,PRS,8.5,0
Breach of Faith,PRS,8.4,0
Cyaegha,PRS,8.4,0
DAAT -The First Seeker of Souls-,PRS,8.4,0
Eccentric Tale,FTR,8.4,0
FURETE-MITAI,FTR,8.4,0
Grandspell,PRS,8.4,0
INTERNET OVERDOSE,FTR,8.4,0
Ladymade Star,FTR,8.4,0
Lilly,PRS,8.4,0
Lumia,FTR,8.4,0
MEGALOVANIA (Camellia Remix),PRS,8.4,0
Moonheart,FTR,8.4,0
Purgatorium,FTR,8.4,0
Rabbit In The Black Room,FTR,8.4,0
REconstruction,FTR,8.4,0
Ringed Genesis,PRS,8.4,0
Snow White,FTR,8.4,0
taboo tears you up 2017,FTR,8.4,0
Vainspire,FTR,8.4,0
AttraqtiA,PRS,8.3,0
Avril -Flicka i krans-,FTR,8.3,0
Bookmaker (2D Version),FTR,8.3,0
Code Oblivion,PRS,8.3,0
Dematerialized,ETR,8.3,0
disintegration,FTR,8.3,0
Dot to Dot feat. Shully,FTR,8.3,0
Ether Strike,PRS,8.3,0
I want You,FTR,8.3,0
IZANA,PRS,8.3,0
MIRINAE,PRS,8.3,0
Oblivia,FTR,8.3,0
Placebo Battler,PRS,8.3,0
san skia,FTR,8.3,0
Shades of Light in a Transcendent Realm,FTR,8.3,0
Tie me down gently,FTR,8.3,0
Xterfusion,PRS,8.3,0
1F,FTR,8.2,0
blue comet,FTR,8.2,0
Dantalion,PRS,8.2,0
eden,PRS,8.2,0
Genesis (Iris),FTR,8.2,0
Halcyon,PRS,8.2,0
Hall of Mirrors,FTR,8.2,0
Last Goodbye,FTR,8.2,0
LiftOff,FTR,8.2,0
Lucifer,FTR,8.2,0
Miles,FTR,8.2,0
One Last Drive,FTR,8.2,0
Prayer,FTR,8.2,0
Qovat,PRS,8.2,0
ROST PAGE GENE,PRS,8.2,0
TEmPTaTiON,PRS,8.2,0
3rd Avenue,PRS,8.1,0
Astral Quantization,PRS,8.1,0
Bullet Waiting for Me (James Landino remix),FTR,8.1,0
Diode,FTR,8.1,0
G e n g a o z o,PRS,8.1,0
Gimme Caramel Popcorn!,FTR,8.1,0
Hikari,FTR,8.1,0
Ive heard it said,FTR,8.1,0
Rise of the World,PRS,8.1,0
Subsphere in Eclosion,PRS,8.1,0
UNKNOWN LEVELS,PRS,8.1,0
~_+,PRS,8,0
Black MInD,PRS,8,0
Crimson Throne,PRS,8,0
Desive,PRS,8,0
Dull Blade,PRS,8,0
Prism,FTR,8,0
Relentless,FTR,8,0
Were All Gonna Die,PRS,8,0
world.execute(me),FTR,8,0
yomibito_shirazu,PRS,8,0
yuardina,PRS,8,0
[X],PRS,7.8,0
10pt8ion,PRS,7.8,0
7thSense,PRS,7.8,0
8-EM,PRS,7.8,0
99 Glooms,PRS,7.8,0
AMAZING MIGHTYYYY!!!!,PRS,7.8,0
ANDORXOR,PRS,7.8,0
Antagonism,PRS,7.8,0
Arcahv,PRS,7.8,0
Ashen 6oundary,PRS,7.8,0
Astra walkthrough,PRS,7.8,0
Beautiful Dreamer,PRS,7.8,0
BLRINK,PRS,7.8,0
Brand new world,FTR,7.8,0
Capella,PRS,7.8,0
carmine scythe,PRS,7.8,0
CHAOSBLAST,PRS,7.8,0
Climax,PRS,7.8,0
Clotho and the stargazer,FTR,7.8,0
corps-sans-organes,PRS,7.8,0
cyanine,PRS,7.8,0
Death By Glamour,FTR,7.8,0
Dement ~after legend~,FTR,7.8,0
Devillic Sphere,PRS,7.8,0
Distorted Fate,PRS,7.8,0
Divine Light of Myriad,PRS,7.8,0
Dont Fight The Music,PRS,7.8,0
Dream goes on,FTR,7.8,0
Dual Dependency,PRS,7.8,0
Far Away Light,PRS,7.8,0
Filament,PRS,7.8,0
First Snow,FTR,7.8,0
GOODRAGE,PRS,7.8,0
Hybris (The one who shattered),PRS,7.8,0
IMPACT,PRS,7.8,0
Infinity Heaven,FTR,7.8,0
inkar usi,FTR,7.8,0
INTERNET YAMERO,PRS,7.8,0
Jingle,FTR,7.8,0
Kissing Lucifer,PRS,7.8,0
KYOREN ROMANCE,PRS,7.8,0
Lethal Voltage,PRS,7.8,0
Liar,PRS,7.8,0
Lightning Screw,PRS,7.8,0
Logos,PRS,7.8,0
Lost Desire,PRS,7.8,0
Macrocosmic Modulation,PRS,7.8,0
Magnolia,PRS,7.8,0
Malicious Mischance,PRS,7.8,0
Manic Jeer,PRS,7.8,0
MARENYX,PRS,7.8,0
Mazy Metroplex,PRS,7.8,0
Meta-Mysteria,PRS,7.8,0
Monochrome Princess,PRS,7.8,0
Moonlight of Sand Castle,FTR,7.8,0
MVURBD,PRS,7.8,0
neo kosmo,PRS,7.8,0
Nightmare,PRS,7.8,0
ODYSSEIA,PRS,7.8,0
Old School Salvage,PRS,7.8,0
Paradise,FTR,7.8,0
Paranoid Arc,PRS,7.8,0
Party Vinyl,PRS,7.8,0
PUPA,PRS,7.8,0
Rain of Conflict in a Radiant Abyss,PRS,7.8,0
Red and Blue,PRS,7.8,0
Renegade,PRS,7.8,0
RGB,PRS,7.8,0
Rise,FTR,7.8,0
Romance Wars,FTR,7.8,0
Sheriruth (Laur Remix),PRS,7.8,0
Signal,PRS,7.8,0
Singularity,PRS,7.8,0
Spiders Thread,PRS,7.8,0
Spirit of the Dauntless,PRS,7.8,0
Suomi,FTR,7.8,0
Tau,PRS,7.8,0
Testify,PST,7.8,0
Tiferet,PRS,7.8,0
Trap Crow,PRS,7.8,0
TRPNO,PRS,7.8,0
Twilight Concerto,PRS,7.8,0
Vallista,PRS,7.8,0
Viyellas Tears,PRS,7.8,0
w4,PRS,7.8,0
WAIT FOR DAWN,PRS,7.8,0
World Ender,PRS,7.8,0
XTREME,PRS,7.8,0
Xxium and Purple haze,PRS,7.8,0
A Wandering Melody of Love,PRS,7.5,0
Acheron,PRS,7.5,0
Alexandrite,PRS,7.5,0
Amekagura,PRS,7.5,0
amygdata,PRS,7.5,0
Arghena,PST,7.5,0
aterlbus,PRS,7.5,0
Awaken In Ruins,PRS,7.5,0
Be There,PRS,7.5,0
Black Territory,PRS,7.5,0
BlythE,PRS,7.5,0
Callima Karma,PRS,7.5,0
CHAOS,PRS,7.5,0
Chronostasis,PRS,7.5,0
conflict,PRS,7.5,0
Cryogenic,PRS,7.5,0
Dematerialized,FTR,7.5,0
Designant,PST,7.5,0
Dies irae,PRS,7.5,0
Dynitikos,PRS,7.5,0
Eternity Break,PRS,7.5,0
Fallensquare,PRS,7.5,0
Felis,PRS,7.5,0
Free Myself,PRS,7.5,0
GIMME DA BLOOD,PRS,7.5,0
Glow,PRS,7.5,0
Good bye Merry-Go-Round,PRS,7.5,0
Heartache,FTR,7.5,0
Heavenly caress,PRS,7.5,0
Heavensdoor,PRS,7.5,0
HELLOHELL,FTR,7.5,0
Hidden Rainbows of Epicurus,FTR,7.5,0
HYPER VISION,PRS,7.5,0
Ikazuchi,PRS,7.5,0
incomplete the one,PRS,7.5,0
Infinite Strife,PRS,7.5,0
init(),PRS,7.5,0
Kanbu de Tomatte Sugu Tokeru,PRS,7.5,0
lastendconductor,PRS,7.5,0
LIGHT MY WAY,PRS,7.5,0
MEGALOVANIA,PRS,7.5,0
Melty Rhapsody,PRS,7.5,0
Mirzam,PRS,7.5,0
Modelista,PRS,7.5,0
NEO WINGS,PRS,7.5,0
No Way Back,PRS,7.5,0
NULCTRL,PRS,7.5,0
ouroboros -twin stroke of the end-,PRS,7.5,0
Ouverture,PRS,7.5,0
Paradox Palette,PRS,7.5,0
Primeval Texture,PRS,7.5,0
Purple Verse,PRS,7.5,0
Rays of Remnant,PRS,7.5,0
Redolent Shape,PRS,7.5,0
SACRIFICE feat. ayame,PRS,7.5,0
Scarlet Cage,PRS,7.5,0
Seclusion,PRS,7.5,0
Sheriruth,PRS,7.5,0
Shinchoku Doudesuka,PRS,7.5,0
Straight into the lights,PRS,7.5,0
SUPER AMBULANCE,PRS,7.5,0
Swan Song,PRS,7.5,0
Syriana,PRS,7.5,0
The Raft taught me your heart will always find a way,PRS,7.5,0
Tic! Tac! Toe!,PRS,7.5,0
To Alice Liddell,PRS,7.5,0
Trrricksters!!,PRS,7.5,0
u,PRS,7.5,0
Valhalla0,PRS,7.5,0
Vicious Heroism,PRS,7.5,0
Wake in Hour,FTR,7.5,0
Wish Upon a Snow,PRS,7.5,0
Xanatos,PRS,7.5,0
Xeraphinite,PRS,7.5,0
zephyrlasting,PRS,7.5,0
+1(UNKNOWN)-NUMBER,PRS,7,0
Astral tale,PRS,7,0
AZALEA,PRS,7,0
B.B.K.K.B.K.K.,PRS,7,0
BADTEK,PRS,7,0
Blaster,PRS,7,0
Blossoms,FTR,7,0
Chromafill,PRS,7,0
cocoro cosmetic,PRS,7,0
CROSS+SOUL,PRS,7,0
Cybernecia Catharsis,PRS,7,0
DataErr0r,PRS,7,0
Dont Die,PRS,7,0
Dreadnought,PRS,7,0
Dreamin Attraction!!,PRS,7,0
DRG,PRS,7,0
Einherjar Joker,PRS,7,0
ENERGY SYNERGY MATRIX,PRS,7,0
Essence of Twilight,PRS,7,0
Evening in Scarlet,PRS,7,0
Evoltex (poppin mix),PRS,7,0
Fairytale,FTR,7,0
FANTA5Y,PRS,7,0
Floating World,PRS,7,0
FREEF4LL,PRS,7,0
Genesis (Morrigan feat. Lily),PRS,7,0
GLORY ROAD,PRS,7,0
Hailstone,PRS,7,0
Haze of Autumn,PRS,7,0
Head BONK ache,PRS,7,0
Hotarubi no Yuki,PRS,7,0
Hypnotize,PRS,7,0
Iconoclast,PRS,7,0
Illegal Paradise,PRS,7,0
Inverted World,PRS,7,0
Last,PRS,7,0
Lets Rock (Arcaea mix),PRS,7,0
Loschen,PRS,7,0
Lost Civilization,PRS,7,0
Lost Emotion feat. nomico,PRS,7,0
MANTIS (Arcaea Ultra-Bloodrush VIP),PRS,7,0
Medusa,PRS,7,0
Metallic Punisher,PRS,7,0
Nameless Passion,PRS,7,0
New York Back Raise,PRS,7,0
next to you,PRS,7,0
Nirv lucE,PRS,7,0
OBLIVION,PRS,7,0
OMAJINAI,PRS,7,0
On And On!! feat. Jenga,PRS,7,0
One Step Closer,PRS,7,0
Pentiment,PST,7,0
Protoflicker,PRS,7,0
qualia -ideaesthesia-,PRS,7,0
Ravens Pride,PRS,7,0
Remind the Souls (short version),PRS,7,0
ReviXy,PRS,7,0
Sayonara Hatsukoi,FTR,7,0
Scarlet Lance,PRS,7,0
Scarlet Lunar Empress,PRS,7,0
shrink,PRS,7,0
Solitary Dream,PRS,7,0
Stasis,PRS,7,0
Technicolour,PRS,7,0
Tempestissimo,PST,7,0
THE ULTIMACY,PRS,7,0
Third Sun,PRS,7,0
Transient Space,PRS,7,0
Vainspire,PRS,7,0
Vandalism,PRS,7,0
VECTOR,PRS,7,0
Vexaria,FTR,7,0
World Fragments III (radio edit),PRS,7,0
Yosakura Fubuki,PRS,7,0
1F,PRS,6.5,0
Ai Drew,PRS,6.5,0
AI[UE]OON,PRS,6.5,0
Alice a la mode,PRS,6.5,0
Alone & Lorn,PRS,6.5,0
ALTER EGO,PST,6.5,0
Anokumene,PRS,6.5,0
Auxesia,PRS,6.5,0
Avant Raze,PRS,6.5,0
Babaroque,PRS,6.5,0
Bamboo,PRS,6.5,0
BATTLE NO.1,PRS,6.5,0
Black Lotus,PRS,6.5,0
Black Mirror on the Wall,PRS,6.5,0
BlazinG AIR,PRS,6.5,0
Blocked Library,PRS,6.5,0
Bookmaker (2D Version),PRS,6.5,0
BREaK! BREaK! BREaK!,PRS,6.5,0
Can I Friend You on Bassbook lol,PRS,6.5,0
CHAIN2NITE,PRS,6.5,0
Corruption,PRS,6.5,0
CROSS+OVER,PRS,6.5,0
Crystal Gravity,PRS,6.5,0
Dazzle hop,PRS,6.5,0
DDD,PRS,6.5,0
Defection,PRS,6.5,0
disintegration,PRS,6.5,0
Distortion Human,PRS,6.5,0
Dual Doom Deathmatch,PRS,6.5,0
Empire of Winter,PRS,6.5,0
Equilibrium,PRS,6.5,0
Extradimensional Cosmic Phenomenon,PST,6.5,0
Factorder,PRS,6.5,0
False Embellishment,PRS,6.5,0
Feels So Right feat. Renko,PRS,6.5,0
felys final remix,PRS,6.5,0
Final Step!,PRS,6.5,0
FLUFFY FLASH,PRS,6.5,0
Galactic Love,PRS,6.5,0
Garakuta Doll Play,PRS,6.5,0
Gekka (short version),PRS,6.5,0
Gensou no Satellite,PRS,6.5,0
GIMMICK,PRS,6.5,0
goldenslaughterer,PRS,6.5,0
GOODTEK (Arcaea Edit),PRS,6.5,0
Got hive of Ra,PRS,6.5,0
Grievous Lady,PST,6.5,0
Hiiro Gekka Kyoushou no Zetsu (nayuta 2017 ver),PRS,6.5,0
Ignotus,PRS,6.5,0
In Vain,PRS,6.5,0
INCARNATOR 00,PRS,6.5,0
Innocence,PRS,6.5,0
INTERNET OVERDOSE,PRS,6.5,0
Kanjou no Matenrou,PRS,6.5,0
Laqryma of the Wasteland,PRS,6.5,0
Ladymade Star,PRS,6.5,0
Last Celebration,PRS,6.5,0
Last Goodbye,PRS,6.5,0
Let you DIVE! (nitro rmx),PRS,6.5,0
Lethaeus,PRS,6.5,0
LiftOff,PRS,6.5,0
Lost in the Abyss,PRS,6.5,0
Loveless Dress,PRS,6.5,0
MAHOROBA,PRS,6.5,0
Masquerade Legion,PRS,6.5,0
MAXRAGE,PRS,6.5,0
Miles,PRS,6.5,0
mod,PRS,6.5,0
MORNINGLOOM,PRS,6.5,0
Nhelv,PRS,6.5,0
O,PRS,6.5,0
OMAKENO Stroke,PRS,6.5,0
Oshama Scramble!,PRS,6.5,0
Quon (Feryquitous),PRS,6.5,0
Redraw the Colorless World,PRS,6.5,0
Reinvent,PRS,6.5,0
Relentless,PRS,6.5,0
Sakura Fubuki,PRS,6.5,0
SATISFACTION,PRS,6.5,0
See the Lights!,PRS,6.5,0
Sign of 10.5km,PRS,6.5,0
Small Cloud Sugar Candy,PRS,6.5,0
Someday,PRS,6.5,0
SOUNDWiTCH,PRS,6.5,0
Specta,PRS,6.5,0
STAGER (ALL STAGE CLEAR),PRS,6.5,0
Stratoliner,PRS,6.5,0
Summer Fireworks of Love,PRS,6.5,0
Surrender,PRS,6.5,0
Syro,PRS,6.5,0
taboo tears you up 2017,PRS,6.5,0
Teriqma,PRS,6.5,0
The Forgotten Forest Haven,PRS,6.5,0
The Message,PRS,6.5,0
The Survivor (Game Edit),PRS,6.5,0
U.A.D,PRS,6.5,0
Ultimate taste,PRS,6.5,0
Used to be,PRS,6.5,0
Vindication,PRS,6.5,0
Viola Illyria,PRS,6.5,0
with U,PRS,6.5,0
Wont Back Down,PRS,6.5,0
Your Best Nightmare,PRS,6.5,0
Your voice so... feat. Such,PRS,6.5,0
Aether Crest Astral,PST,6,0
Alices Suitcase,PRS,6,0
Altair (feat. spiLa),PRS,6,0
AlterAle,PRS,6,0
Ascent,PRS,6,0
astral.exe,PRS,6,0
Avril -Flicka i krans-,PRS,6,0
Beside You,PRS,6,0
Blue Rose,PRS,6,0
Call My Name feat. Yukacco,PRS,6,0
Chelsea,PRS,6,0
Coastal Highway,PRS,6,0
Cosmo Pop Funclub,PRS,6,0
Crimson Quartz,PRS,6,0
cry of viyella,PRS,6,0
Dancin on a Cats Paw,PRS,6,0
Dandelion,PRS,6,0
Dement ~after legend~,PRS,6,0
Dialnote,PRS,6,0
Dot to Dot feat. Shully,PRS,6,0
DX Choseinou Full Metal Shojo,PRS,6,0
epitaxy,PRS,6,0
Faint Light (Arcaea Edit),PRS,6,0
Flyburg and Endroll,PRS,6,0
Fracture Ray,PST,6,0
FURETE-MITAI,PRS,6,0
Galaxy Friends,PRS,6,0
Hikari,PRS,6,0
Ive heard it said,PRS,6,0
Ignition,PRS,6,0
INFINITE DIMENSION,PRS,6,0
IONOSTREAM,PRS,6,0
Journey,PRS,6,0
Jump,PRS,6,0
Lapis,PRS,6,0
Lawless Point,PRS,6,0
Lazy Addiction,PRS,6,0
Life is PIANO,PRS,6,0
Lights of Muse,PRS,6,0
Linear Accelerator,PRS,6,0
Luna Rossa,PRS,6,0
LunarOrbit -believe in the Espebranch road-,PRS,6,0
Memory Forest,PRS,6,0
Particle,PRS,6,0
Particle Arts,PRS,6,0
PICO-Pico-Translation!,PRS,6,0
Purgatorium,PRS,6,0
Quon (DJ Noriken),PRS,6,0
REconstruction,PRS,6,0
Rugie,PRS,6,0
Saint or Sinner,PRS,6,0
san skia,PRS,6,0
Shades of Light in a Transcendent Realm,PRS,6,0
STARGATE EXTREME,PRS,6,0
Sulfur,PRS,6,0
SUPERNOVA,PRS,6,0
The Formula,PRS,6,0
trappola bewitching,PRS,6,0
Tsuki ni Murakumo Hana ni Kaze,PRS,6,0
Turbocharger,PRS,6,0
undefined,PRS,6,0
#1f1e33,PST,5.5,0
Abstruse Dilemma,PST,5.5,0
Aegleseeker,PST,5.5,0
Aleph 0,PST,5.5,0
Altale,PRS,5.5,0
AlterGate,PST,5.5,0
And Revive The Melody,PST,5.5,0
April showers,PRS,5.5,0
Arcana Eden,PST,5.5,0
Axium Crisis,PST,5.5,0
Breach of Faith,PST,5.5,0
CHAOS,PST,5.5,0
Code Oblivion,PST,5.5,0
Cyaegha,PST,5.5,0
DAAT -The First Seeker of Souls-,PST,5.5,0
Diode,PRS,5.5,0
Eccentric Tale,PRS,5.5,0
Ego Eimi,PST,5.5,0
End of The Moonlight,PRS,5.5,0
Ether Strike,PST,5.5,0
Genesis (Iris),PRS,5.5,0
Gimme Caramel Popcorn!,PRS,5.5,0
Give Me a Nightmare,PRS,5.5,0
Halcyon,PST,5.5,0
Hall of Mirrors,PRS,5.5,0
Heart Jackin,PRS,5.5,0
Hidden Rainbows of Epicurus,PRS,5.5,0
I want You,PRS,5.5,0
Impure Bird,PRS,5.5,0
Infinity Heaven,PRS,5.5,0
Jingle,PRS,5.5,0
Judgement,PST,5.5,0
Kanagawa Cyber Culvert,PRS,5.5,0
Lament Rain,PST,5.5,0
Leave All Behind,PRS,5.5,0
Libertas,PRS,5.5,0
Lucifer,PRS,5.5,0
Lumia,PRS,5.5,0
MEGALOVANIA (Camellia Remix),PST,5.5,0
memoryfactory.lzh,PRS,5.5,0
MERLIN,PRS,5.5,0
Misdeed -la bonte de Dieu et lorigine du mal-,PST,5.5,0
Moonheart,PRS,5.5,0
My life is mine alone!,PRS,5.5,0
One Last Drive,PRS,5.5,0
Oracle,PRS,5.5,0
Phantasia,PRS,5.5,0
Placebo Battler,PST,5.5,0
Prayer,PRS,5.5,0
PRIMITIVE LIGHTS,PST,5.5,0
Ringed Genesis,PST,5.5,0
SAIKYO STRONGER,PST,5.5,0
Senkyou,PRS,5.5,0
Sheriruth,PST,5.5,0
Undying Macula,PST,5.5,0
ViRTUS,PST,5.5,0
Vulcanus,PST,5.5,0
Wake in Hour,PRS,5.5,0
Waltz for Lorelei,PRS,5.5,0
Were All Gonna Die,PST,5.5,0
World Vanquisher,PRS,5.5,0
Angels Boundary,PST,5,0
Antithese,PRS,5,0
Astral Quantization,PST,5,0
Back to Basics,PST,5,0
Black MInD,PST,5,0
blue comet,PRS,5,0
BUCHiGiRE Berserker,PST,5,0
Chronicle,PST,5,0
Clotho and the stargazer,PRS,5,0
Cosmica,PRS,5,0
Cryogenic,PST,5,0
CYCLES,PRS,5,0
Dantalion,PST,5,0
Death By Glamour,PRS,5,0
Desive,PST,5,0
Dream goes on,PRS,5,0
Flashback,PRS,5,0
Grimheart,PRS,5,0
Heart,PRS,5,0
HELLOHELL,PRS,5,0
Ii,PST,5,0
IZANA,PST,5,0
LAMIA,PST,5,0
Lilly,PST,5,0
Meta-Mysteria,PST,5,0
Moonlight of Sand Castle,PRS,5,0
Oblivia,PRS,5,0
Overwhelm,PST,5,0
Paper Witch,PRS,5,0
Prism,PRS,5,0
Rabbit In The Black Room,PRS,5,0
Rain of Conflict in a Radiant Abyss,PST,5,0
REKKA RESONANCE,PST,5,0
ROST PAGE GENE,PST,5,0
Silent Rush,PRS,5,0
Snow White,PRS,5,0
Strongholds,PRS,5,0
Subsphere in Eclosion,PST,5,0
Suomi,PRS,5,0
syuten,PRS,5,0
TEmPTaTiON,PST,5,0
TeraVolt,PST,5,0
Tie me down gently,PRS,5,0
To the Milky Way,PST,5,0
Vexaria,PRS,5,0
Vivid Theory,PRS,5,0
Welcome Queen of Fiction,PST,5,0
world.execute(me),PRS,5,0
[X],PST,4.5,0
~_+,PST,4.5,0
8-EM,PST,4.5,0
Alexandrite,PST,4.5,0
AMAZING MIGHTYYYY!!!!,PST,4.5,0
ANDORXOR,PST,4.5,0
Antagonism,PST,4.5,0
Arcahv,PST,4.5,0
Ashen 6oundary,PST,4.5,0
Astra walkthrough,PST,4.5,0
Astral tale,PST,4.5,0
Aurgelmir,PST,4.5,0
B.B.K.K.B.K.K.,PST,4.5,0
Bookmaker (2D Version),PST,4.5,0
Bullet Waiting for Me (James Landino remix),PRS,4.5,0
Capella,PST,4.5,0
CHAOSBLAST,PST,4.5,0
Climax,PST,4.5,0
conflict,PST,4.5,0
corps-sans-organes,PST,4.5,0
Dematerialized,PRS,4.5,0
Desertrealm,PST,4.5,0
Dies irae,PST,4.5,0
Distorted Fate,PST,4.5,0
Divine Light of Myriad,PST,4.5,0
Dont Fight The Music,PST,4.5,0
Dreamin Attraction!!,PST,4.5,0
Dual Dependency,PST,4.5,0
Dull Blade,PST,4.5,0
eden,PST,4.5,0
enchanted love,PRS,4.5,0
Essence of Twilight,PST,4.5,0
Far Away Light,PST,4.5,0
Filament,PST,4.5,0
First Snow,PRS,4.5,0
Free Myself,PST,4.5,0
Garakuta Doll Play,PST,4.5,0
GENOCIDER,PST,4.5,0
GLORY ROAD,PST,4.5,0
Good bye Merry-Go-Round,PST,4.5,0
GOODRAGE,PST,4.5,0
Grandspell,PST,4.5,0
Harutopia ~Utopia of Spring~,PRS,4.5,0
Heartache,PRS,4.5,0
Heavensdoor,PST,4.5,0
Hybris (The one who shattered),PST,4.5,0
HYPER VISION,PST,4.5,0
INTERNET YAMERO,PST,4.5,0
Kissing Lucifer,PST,4.5,0
Lethal Voltage,PST,4.5,0
Liar,PST,4.5,0
LIGHT MY WAY,PST,4.5,0
Lightning Screw,PST,4.5,0
Live Fast Die Young,PST,4.5,0
Lucid Traveler,PST,4.5,0
Magnolia,PST,4.5,0
MARENYX,PST,4.5,0
Medusa,PST,4.5,0
MEGALOVANIA,PST,4.5,0
MIRINAE,PST,4.5,0
Monochrome Princess,PST,4.5,0
MVURBD,PST,4.5,0
New York Back Raise,PST,4.5,0
next to you,PST,4.5,0
Nightmare,PST,4.5,0
No Way Back,PST,4.5,0
NULL APOPHENIA,PST,4.5,0
ouroboros -twin stroke of the end-,PST,4.5,0
Paranoid Arc,PST,4.5,0
PRAGMATISM,PST,4.5,0
Qovat,PST,4.5,0
qualia -ideaesthesia-,PST,4.5,0
Rays of Remnant,PST,4.5,0
Redolent Shape,PST,4.5,0
Relentless,PST,4.5,0
Renegade,PST,4.5,0
Rise of the World,PST,4.5,0
Sayonara Hatsukoi,PRS,4.5,0
Singularity,PST,4.5,0
Spiders Thread,PST,4.5,0
Spirit of the Dauntless,PST,4.5,0
Stasis,PST,4.5,0
SUPER AMBULANCE,PST,4.5,0
Syriana,PST,4.5,0
Tau,PST,4.5,0
The Raft taught me your heart will always find a way,PST,4.5,0
Tiferet,PST,4.5,0
To the Furthest Dream,PST,4.5,0
Trap Crow,PST,4.5,0
TRPNO,PST,4.5,0
Trrricksters!!,PST,4.5,0
Twilight Concerto,PST,4.5,0
ultradiaxon-N3,PST,4.5,0
Valhalla0,PST,4.5,0
Vallista,PST,4.5,0
Wish Upon a Snow,PST,4.5,0
Xterfusion,PST,4.5,0
XTREME,PST,4.5,0
yomibito_shirazu,PST,4.5,0
Yosakura Fubuki,PST,4.5,0
+1(UNKNOWN)-NUMBER,PST,4,0
10pt8ion,PST,4,0
99 Glooms,PST,4,0
Amekagura,PST,4,0
amygdata,PST,4,0
aterlbus,PST,4,0
AttraqtiA,PST,4,0
AZALEA,PST,4,0
BADTEK,PST,4,0
Be There,PST,4,0
Beautiful Dreamer,PST,4,0
Blaster,PST,4,0
Blossoms,PRS,4,0
Brand new world,PRS,4,0
carmine scythe,PST,4,0
CHAIN2NITE,PST,4,0
Chromafill,PST,4,0
Crimson Throne,PST,4,0
CROSS+OVER,PST,4,0
CROSS+SOUL,PST,4,0
cyanine,PST,4,0
Cybernecia Catharsis,PST,4,0
Devillic Sphere,PST,4,0
disintegration,PST,4,0
Dreadnought,PST,4,0
Dynitikos,PST,4,0
Einherjar Joker,PST,4,0
Evening in Scarlet,PST,4,0
Felis,PST,4,0
FREEF4LL,PST,4,0
G e n g a o z o,PST,4,0
Gekka (short version),PST,4,0
Genesis (Morrigan feat. Lily),PST,4,0
Glow,PST,4,0
goldenslaughterer,PST,4,0
GOODTEK (Arcaea Edit),PST,4,0
Head BONK ache,PST,4,0
HIVEMIND,PST,4,0
Iconoclast,PST,4,0
Infinite Strife,PST,4,0
init(),PST,4,0
inkar usi,PRS,4,0
Jump,PST,4,0
Kanbu de Tomatte Sugu Tokeru,PST,4,0
KYOREN ROMANCE,PST,4,0
Last,PST,4,0
Logos,PST,4,0
Lost Civilization,PST,4,0
Lost Desire,PST,4,0
Macrocosmic Modulation,PST,4,0
Malicious Mischance,PST,4,0
Manic Jeer,PST,4,0
Mirzam,PST,4,0
neo kosmo,PST,4,0
NEO WINGS,PST,4,0
OBLIVION,PST,4,0
ODYSSEIA,PST,4,0
Old School Salvage,PST,4,0
Paradise,PRS,4,0
Paradox Palette,PST,4,0
Party Vinyl,PST,4,0
Phantasia,PST,4,0
PUPA,PST,4,0
Purple Verse,PST,4,0
Quon (Feryquitous),PST,4,0
Red and Blue,PST,4,0
Redraw the Colorless World,PST,4,0
RGB,PST,4,0
Rise,PRS,4,0
Romance Wars,PRS,4,0
Scarlet Cage,PST,4,0
Scarlet Lance,PST,4,0
Seclusion,PST,4,0
Sheriruth (Laur Remix),PST,4,0
Signal,PST,4,0
Solitary Dream,PST,4,0
STARGATE EXTREME,PST,4,0
Straight into the lights,PST,4,0
Sulfur,PST,4,0
To Alice Liddell,PST,4,0
UNKNOWN LEVELS,PST,4,0
Used to be,PST,4,0
Vicious Heroism,PST,4,0
Vindication,PST,4,0
Viyellas Tears,PST,4,0
World Ender,PST,4,0
Xanatos,PST,4,0
yuardina,PST,4,0
A Wandering Melody of Love,PST,3.5,0
Acheron,PST,3.5,0
Ai Drew,PST,3.5,0
AI[UE]OON,PST,3.5,0
Alices Suitcase,PST,3.5,0
Auxesia,PST,3.5,0
Avant Raze,PST,3.5,0
Awaken In Ruins,PST,3.5,0
BATTLE NO.1,PST,3.5,0
Black Mirror on the Wall,PST,3.5,0
BlazinG AIR,PST,3.5,0
Blocked Library,PST,3.5,0
BLRINK,PST,3.5,0
blue comet,PST,3.5,0
BlythE,PST,3.5,0
BREaK! BREaK! BREaK!,PST,3.5,0
Call My Name feat. Yukacco,PST,3.5,0
Callima Karma,PST,3.5,0
Chronostasis,PST,3.5,0
cry of viyella,PST,3.5,0
Crystal Gravity,PST,3.5,0
Dazzle hop,PST,3.5,0
Defection,PST,3.5,0
Dement ~after legend~,PST,3.5,0
Dont Die,PST,3.5,0
DRG,PST,3.5,0
Dual Doom Deathmatch,PST,3.5,0
Empire of Winter,PST,3.5,0
ENERGY SYNERGY MATRIX,PST,3.5,0
Equilibrium,PST,3.5,0
Eternity Break,PST,3.5,0
Fairytale,PRS,3.5,0
False Embellishment,PST,3.5,0
Feels So Right feat. Renko,PST,3.5,0
Final Step!,PST,3.5,0
FLUFFY FLASH,PST,3.5,0
Galaxy Friends,PST,3.5,0
GIMME DA BLOOD,PST,3.5,0
Give Me a Nightmare,PST,3.5,0
Hailstone,PST,3.5,0
Haze of Autumn,PST,3.5,0
Heavenly caress,PST,3.5,0
Hiiro Gekka Kyoushou no Zetsu (nayuta 2017 ver),PST,3.5,0
Hotarubi no Yuki,PST,3.5,0
Hypnotize,PST,3.5,0
Ive heard it said,PST,3.5,0
Ignition,PST,3.5,0
Ignotus,PST,3.5,0
Ikazuchi,PST,3.5,0
IMPACT,PST,3.5,0
In Vain,PST,3.5,0
INCARNATOR 00,PST,3.5,0
incomplete the one,PST,3.5,0
IONOSTREAM,PST,3.5,0
Kanjou no Matenrou,PST,3.5,0
Laqryma of the Wasteland,PST,3.5,0
Last Celebration,PST,3.5,0
lastendconductor,PST,3.5,0
Lethaeus,PST,3.5,0
Libertas,PST,3.5,0
Life is PIANO,PST,3.5,0
Loschen,PST,3.5,0
Lost Emotion feat. nomico,PST,3.5,0
Lost in the Abyss,PST,3.5,0
Loveless Dress,PST,3.5,0
Lucifer,PST,3.5,0
LunarOrbit -believe in the Espebranch road-,PST,3.5,0
Masquerade Legion,PST,3.5,0
MAXRAGE,PST,3.5,0
Maze No.9,PRS,3.5,0
Melty Rhapsody,PST,3.5,0
Memory Forest,PST,3.5,0
Miles,PST,3.5,0
mod,PST,3.5,0
Modelista,PST,3.5,0
Oblivia,PST,3.5,0
One Step Closer,PST,3.5,0
Oshama Scramble!,PST,3.5,0
Particle,PST,3.5,0
Particle Arts,PST,3.5,0
Remind the Souls (short version),PST,3.5,0
SACRIFICE feat. ayame,PST,3.5,0
Sakura Fubuki,PST,3.5,0
san skia,PST,3.5,0
SATISFACTION,PST,3.5,0
Scarlet Lunar Empress,PST,3.5,0
See the Lights!,PST,3.5,0
Shinchoku Doudesuka,PST,3.5,0
shrink,PST,3.5,0
SOUNDWiTCH,PST,3.5,0
Specta,PST,3.5,0
Stratoliner,PST,3.5,0
Syro,PST,3.5,0
Technicolour,PST,3.5,0
The Forgotten Forest Haven,PST,3.5,0
The Survivor (Game Edit),PST,3.5,0
Third Sun,PST,3.5,0
Tic! Tac! Toe!,PST,3.5,0
u,PST,3.5,0
U.A.D,PST,3.5,0
Ultimate taste,PST,3.5,0
undefined,PST,3.5,0
Vainspire,PST,3.5,0
Vandalism,PST,3.5,0
w4,PST,3.5,0
Wont Back Down,PST,3.5,0
World Fragments III (radio edit),PST,3.5,0
world.execute(me),PST,3.5,0
Your Best Nightmare,PST,3.5,0
Your voice so... feat. Such,PST,3.5,0
zephyrlasting,PST,3.5,0
3rd Avenue,PST,3,0
7thSense,PST,3,0
Alone & Lorn,PST,3,0
AlterAle,PST,3,0
Ascent,PST,3,0
astral.exe,PST,3,0
Avril -Flicka i krans-,PST,3,0
Babaroque,PST,3,0
Bamboo,PST,3,0
Black Lotus,PST,3,0
Black Territory,PST,3,0
Can I Friend You on Bassbook lol,PST,3,0
Chelsea,PST,3,0
Coastal Highway,PST,3,0
cocoro cosmetic,PST,3,0
Corruption,PST,3,0
Crimson Quartz,PST,3,0
Dancin on a Cats Paw,PST,3,0
DataErr0r,PST,3,0
Dialnote,PST,3,0
Distortion Human,PST,3,0
Dot to Dot feat. Shully,PST,3,0
DX Choseinou Full Metal Shojo,PST,3,0
End of The Moonlight,PST,3,0
epitaxy,PST,3,0
Faint Light (Arcaea Edit),PST,3,0
Fallensquare,PST,3,0
FANTA5Y,PST,3,0
felys final remix,PST,3,0
Floating World,PST,3,0
Flyburg and Endroll,PST,3,0
Galactic Love,PST,3,0
Got hive of Ra,PST,3,0
Hall of Mirrors,PST,3,0
Heart Jackin,PST,3,0
I want You,PST,3,0
Innocence,PST,3,0
INTERNET OVERDOSE,PST,3,0
Inverted World,PST,3,0
Journey,PST,3,0
Lawless Point,PST,3,0
Let you DIVE! (nitro rmx),PST,3,0
Lets Rock (Arcaea mix),PST,3,0
LiftOff,PST,3,0
Luna Rossa,PST,3,0
MAHOROBA,PST,3,0
MANTIS (Arcaea Ultra-Bloodrush VIP),PST,3,0
Maze No.9,PST,3,0
Mazy Metroplex,PST,3,0
MERLIN,PST,3,0
Metallic Punisher,PST,3,0
MORNINGLOOM,PST,3,0
Nameless Passion,PST,3,0
Nhelv,PST,3,0
NULCTRL,PST,3,0
OMAKENO Stroke,PST,3,0
On And On!! feat. Jenga,PST,3,0
Oracle,PST,3,0
Primeval Texture,PST,3,0
Protoflicker,PST,3,0
Ravens Pride,PST,3,0
ReviXy,PST,3,0
Rugie,PST,3,0
Saint or Sinner,PST,3,0
Senkyou,PST,3,0
Shades of Light in a Transcendent Realm,PST,3,0
Sign of 10.5km,PST,3,0
Small Cloud Sugar Candy,PST,3,0
Someday,PST,3,0
STAGER (ALL STAGE CLEAR),PST,3,0
Summer Fireworks of Love,PST,3,0
SUPERNOVA,PST,3,0
Surrender,PST,3,0
Swan Song,PST,3,0
taboo tears you up 2017,PST,3,0
Teriqma,PST,3,0
The Formula,PST,3,0
The Message,PST,3,0
THE ULTIMACY,PST,3,0
Tie me down gently,PST,3,0
trappola bewitching,PST,3,0
Tsuki ni Murakumo Hana ni Kaze,PST,3,0
VECTOR,PST,3,0
Xeraphinite,PST,3,0
1F,PST,2.5,0
Alice a la mode,PST,2.5,0
Altair (feat. spiLa),PST,2.5,0
Altale,PST,2.5,0
Anokumene,PST,2.5,0
Beside You,PST,2.5,0
Bullet Waiting for Me (James Landino remix),PST,2.5,0
Cosmica,PST,2.5,0
Cosmo Pop Funclub,PST,2.5,0
Dandelion,PST,2.5,0
DDD,PST,2.5,0
Death By Glamour,PST,2.5,0
Diode,PST,2.5,0
Factorder,PST,2.5,0
First Snow,PST,2.5,0
FURETE-MITAI,PST,2.5,0
Gensou no Satellite,PST,2.5,0
Gimme Caramel Popcorn!,PST,2.5,0
GIMMICK,PST,2.5,0
Grimheart,PST,2.5,0
HELLOHELL,PST,2.5,0
Hidden Rainbows of Epicurus,PST,2.5,0
Hikari,PST,2.5,0
INFINITE DIMENSION,PST,2.5,0
Jingle,PST,2.5,0
Ladymade Star,PST,2.5,0
Last Goodbye,PST,2.5,0
Lazy Addiction,PST,2.5,0
Lights of Muse,PST,2.5,0
Lumia,PST,2.5,0
memoryfactory.lzh,PST,2.5,0
Moonheart,PST,2.5,0
My life is mine alone!,PST,2.5,0
Nirv lucE,PST,2.5,0
O,PST,2.5,0
OMAJINAI,PST,2.5,0
One Last Drive,PST,2.5,0
Ouverture,PST,2.5,0
Prayer,PST,2.5,0
Purgatorium,PST,2.5,0
Quon (DJ Noriken),PST,2.5,0
REconstruction,PST,2.5,0
Reinvent,PST,2.5,0
Rise,PST,2.5,0
Silent Rush,PST,2.5,0
Snow White,PST,2.5,0
Strongholds,PST,2.5,0
Transient Space,PST,2.5,0
Turbocharger,PST,2.5,0
Vexaria,PST,2.5,0
Viola Illyria,PST,2.5,0
WAIT FOR DAWN,PST,2.5,0
Wake in Hour,PST,2.5,0
Waltz for Lorelei,PST,2.5,0
with U,PST,2.5,0
World Vanquisher,PST,2.5,0
Xxium and Purple haze,PST,2.5,0
Antithese,PST,2,0
April showers,PST,2,0
Blue Rose,PST,2,0
Brand new world,PST,2,0
Clotho and the stargazer,PST,2,0
CYCLES,PST,2,0
Eccentric Tale,PST,2,0
enchanted love,PST,2,0
Evoltex (poppin mix),PST,2,0
Flashback,PST,2,0
Genesis (Iris),PST,2,0
Illegal Paradise,PST,2,0
Impure Bird,PST,2,0
inkar usi,PST,2,0
Lapis,PST,2,0
Leave All Behind,PST,2,0
Linear Accelerator,PST,2,0
Paper Witch,PST,2,0
PICO-Pico-Translation!,PST,2,0
Prism,PST,2,0
Rabbit In The Black Room,PST,2,0
Suomi,PST,2,0
syuten,PST,2,0
Vivid Theory,PST,2,0
Dematerialized,PST,1.5,0
Dream goes on,PST,1.5,0
dropdead,PST,1.5,0
Heartache,PST,1.5,0
Infinity Heaven,PST,1.5,0
Moonlight of Sand Castle,PST,1.5,0
Sayonara Hatsukoi,PST,1.5,0
Blossoms,PST,1,0
Fairytale,PST,1,0
Harutopia ~Utopia of Spring~,PST,1,0
Heart,PST,1,0
Kanagawa Cyber Culvert,PST,1,0
Paradise,PST,1,0
Romance Wars,PST,1,0